<?xml version="1.0" encoding="UTF-8"?>
<section name="Workbench">
	<section name="NewWizardAction">
		<item key="NewWizardSelectionPage.STORE_SELECTED_ID" value="org.eclipse.ui.wizards.new.project"/>
		<list key="NewWizardSelectionPage.STORE_EXPANDED_CATEGORIES_ID">
			<item value="org.eclipse.ui.Basic"/>
		</list>
	</section>
	<section name="BasicNewProjectResourceWizard">
	</section>
	<section name="ChooseWorkspaceDialogSettings">
		<item key="DIALOG_X_ORIGIN" value="130"/>
		<item key="DIALOG_Y_ORIGIN" value="264"/>
	</section>
	<section name="WORKBENCH_SETTINGS">
		<list key="ENABLED_TRANSFERS">
		</list>
	</section>
</section>
